premise,choice1,choice2,question,label,idx,changed
L'oggetto era incartato nella plastica bollata.,Era delicato.,Era piccolo.,cause,0,0,False
Avevo svuotato le mie tasche.,Estrassi la matrice di un biglietto.,Trovai un'arma.,effect,0,1,False
Le termiti invasero la casa.,Le termiti sparirono dalla casa.,Le termiti rosero il legno della casa.,effect,1,2,False
I viaggiatori raggiunsero il confine.,L'agente di pattuglia controllò i loro passaporti.,L'agente di pattuglia li accusò di contrabbando.,effect,0,3,False
L'ufficio era chiuso.,Era vacanza.,Era estate.,cause,0,4,False
La ragazza esaurì le energie.,Aveva giocato a dama.,Aveva saltato la corda.,cause,1,5,False
La donna aveva perso il suo posto in fila.,Più persone si misero in fila.,Si era tolta dalla fila.,cause,1,6,False
La ragazza si era tappata il naso.,La bambina aveva sbavato sul bavaglino.,La bambina aveva sporcato il pannolino.,cause,1,7,False
Il gruppo suonò la loro canzone di successo.,Il pubblico applaudì a ritmo di musica.,Il pubblico ascoltò educatamente in silenzio.,effect,0,8,False
La ragazza voleva ringraziare l'insegnante di matematica.,La ragazza rimase dopo scuola per punizione.,La ragazza portò una mela all'insegnante.,effect,1,9,False
I giovani campeggiatori erano spaventati.,L'animatore raccontò loro una storia di paura.,Abbrustolirono marshmallows sul falò.,cause,0,10,False
L'uomo sbatté la testa.,Si perse nei suoi pensieri.,Subì una commozione cerebrale.,effect,1,11,False
L'assegno che avevo formato era scoperto.,Il mio conto in banca era vuoto.,Avevo ricevuto un aumento di stipendio.,cause,0,12,False
La casella di posta dell'uomo era piena di spam.,Cancellò lo spam.,Inviò un email di massa.,effect,0,13,False
Il marinaio fu messo in quarantena.,Era stato esposto alla malattia.,Guarì dalla malattia.,cause,0,14,False
La ragazza aveva memorizzato il codice.,Se lo era recitato fra sé e sé.,Si era dimenticata di annotarlo.,cause,0,15,False
Versai l'acqua nel bicchiere.,L'acqua appagò la mia sete.,Il bicchiere si riempì.,effect,1,16,False
L'uomo rimase silenzioso quando l'amico finì di parlare.,Voleva offrire supporto all'amico.,Stava pensando alle parole dell'amico.,cause,1,17,False
L'incidente era colpa mia.,Mi sentivo colpevole.,Feci denuncia.,effect,0,18,False
La catena si ruppe.,La catena era montata su una ruota.,C'era un anello rotto nella catena.,cause,1,19,False
La coppia aveva deciso di venire a un compromesso.,Si erano scocciati di litigare.,Evitavano di discutere del problema.,cause,0,20,False
La donna decise di candidarsi per una carica pubblica.,Assunse un responsabile della campagna elettorale.,Testimoniò in tribunale.,effect,0,21,False
L'uomo aveva previsto temperature basse durante il suo viaggio.,Aveva messo in valigia indumenti caldi.,Stava viaggiando con una grande valigia.,effect,0,22,False
Lo studente conosceva la risposta alla domanda.,Alzò la mano.,Oziò.,effect,0,23,False
Gli occhi dell'uomo si riempirono di lacrime.,Gli era entrata della polvere negli occhi.,Aveva indossato degli occhialini.,cause,0,24,False
La giocatrice vinse cinque partite di fila.,La sua avversaria l'accusò di imbrogliare.,La sua avversaria si dispiacque per lei.,effect,0,25,False
L'insegnante strappò l'esame dello studente.,Beccò lo studente mentre copiava.,Le risposte dello studente erano sbagliate.,cause,0,26,False
Feci una pausa per smettere di parlare.,Persi la voce.,Rimasi senza fiato.,cause,1,27,True
Il cibo ghiacciato si scongelò.,Lo misi nel microonde.,Lo coprii con la pellicola trasparente.,cause,0,28,False
L'impiegato finse di stare poco bene.,Aveva crampi allo stomaco.,Voleva un giorno libero.,cause,1,29,False
La ragazza atterrò in piscina.,Corse sul bordo della piscina.,Saltò dal trampolino.,cause,1,30,False
I biglietti del film fecero il tutto esaurito.,Era il lancio del film.,Il film aveva ricevuto brutte recensioni.,cause,0,31,False
L'uomo aveva perso peso.,Le persone lo isolarono.,Le persone si complimentarono con lui.,effect,1,32,False
Sulle mani della ragazza comparvero delle vesciche.,Aveva scritto a macchina una lettera.,Si era arrampicata su una corda.,cause,1,33,False
L'artista del circo faceva il giocoliere mentre guidava un monociclo.,Il pubblico lo acclamò sbalordito.,L'acrobata dondolò da un trapezio.,effect,0,34,False
Ho perso la pazienza.,Il mio amico mi aveva fatto aspettare.,Il mio amico arrivò in tempo.,cause,0,35,False
I paesi in guerra volevano la pace.,Svilupparono armi nucleari.,Negoziarono un trattato.,effect,1,36,False
L'uomo prese delle pillole per dormire.,Divenne sonnolento.,Gli venne la febbre.,effect,0,37,False
La donna urtò il divano.,La gamba del divano si allentò.,Si fece un livido sul ginocchio.,effect,1,38,False
Il ragazzo spremette il palloncino.,Il palloncino scoppiò.,Il palloncino volò via.,effect,0,39,False
I viaggiatori si registrarono nella loro stanza d'albergo.,Svuotarono le valige.,Andarono all'aeroporto.,effect,0,40,False
Avevo dato un morso alla pesca.,La pesca si ammaccò.,Il succo schizzò fuori.,effect,1,41,False
Le mie mani diventarono appiccicose.,Avevo mangiato una ciambella.,Ero goloso di dolci.,cause,0,42,False
Spinsi la porta.,La porta si aprì.,La porta si chiuse.,effect,0,43,False
Gli attivisti boicottarono i prodotti.,Il prodotto era stato testato per assicurarne la qualità.,Il prodotto era stato fabbricato attraverso il lavoro minorile.,cause,1,44,False
Avevo fatto un buco nel muro.,Un topo sgusciò fuori dal buco.,Si sollevò della polvere dal buco.,effect,1,45,False
La donna era invidiosa della sorella.,La sorella era felice.,La sorella si era divorziata.,cause,0,46,False
Mi versai del vino sulla camicia.,Mi misi un grembiule.,Cambiai camicia.,effect,1,47,False
Il cassiere aprì la cassa.,Il cliente cercò nel suo portafogli.,Il cliente gli diede i propri soldi.,cause,1,48,False
Il musicista di strada attirò una folla.,La gente gli diede degli spiccioli.,Lui mandò via la folla.,effect,0,49,False
Il ragazzino piagnucolò con la babysitter.,Gli mancavano i genitori.,Era l'ora della merenda.,cause,0,50,False
Il radar del pilota rilevò una tempesta.,Il pilota navigò lontano dalla tempesta.,Il pilota volò attraverso la tempesta.,effect,0,51,False
L'albero perse le foglie.,Le foglie cambiarono colore.,Le foglie si accumularono per terra.,effect,1,52,False
Il ragazzo era in vena di dispetti.,Decise di giocare a carte con la sorella.,Decise di fare uno scherzo alla sorella.,effect,1,53,False
Il bambino si lamentava che doveva andare in bagno.,Il padre gli diede una soda da bere.,Il padre si fermò alla stazione di servizio.,effect,1,54,False
Il bambino sparse il mangime per pesci nell'acquario.,Il pesce balzò fuori dall'acquario.,Il pesce nuotò verso il mangime.,effect,1,55,False
Le opinioni politiche della donna erano mutate.,Cambiò il partito alla quale era affiliata.,Partecipò ad una protesta.,effect,0,56,False
Il lavandino del bagno era intasato.,Aprii il rubinetto.,Ci versai dentro dell'acido muriatico.,effect,1,57,False
Il passeggero scese dal treno.,Il treno era arrivato alla stazione.,Il treno emise un fischio.,cause,0,58,False
L'uomo premette il lembo umido dell'involucro.,Mise un francobollo sull'involucro.,Sigillò e chiuse l'involucro.,effect,1,59,False
Gli amici persero i contatti.,Si godevano la reciproca compagnia.,Si spostarono in città diverse.,cause,1,60,False
La contabile aveva malgestito i fondi della compagnia.,Fu licenziata dal suo ruolo.,Andò in maternità.,effect,0,61,False
Guardai l'orologio.,Avevo sentito l'orologio ticchettare.,Volevo controllare l'ora.,cause,1,62,False
Ebbi un crampo alla mano.,Avevo scritto il tema a mano.,Io e mia moglie ci tenevamo per mano.,cause,0,63,False
Il bullone si strinse.,L'avevo sostituito.,Avevo girato la chiave inglese.,cause,1,64,False
La coppia firmò il contratto d'affitto per un appartamento.,La coppia si trasferì nell'appartamento.,La città dichiarò inagibile l'appartamento.,effect,0,65,False
La donna si era seduta sulla veranda.,Voleva guardare il tramonto.,Pensò di aver visto un fulmine.,cause,0,66,False
L'uomo indossava un giubbotto di salvataggio in acqua.,Non sapeva nuotare.,L'acqua era bassa.,cause,0,67,False
La donna fece un errore di battitura nel programma.,Cancellò il documento.,Premette sul tasto backspace.,effect,1,68,False
La ragazza si era vantata con le amiche.,Aveva ricevuto un brutto voto.,Aveva vinto una gara.,cause,1,69,False
Il prato era fangoso.,Era diluviato nella notte.,Era pieno d'erbacce.,cause,0,70,False
La donna aveva dormito troppo.,Aveva passato la notte in albergo.,Aveva dimenticato di impostare la sveglia.,cause,1,71,False
L'uomo si era messo la protezione solare.,Si era seduto all'ombra.,Era andato in spiaggia.,cause,1,72,False
I ricercatori dimostrarono la teoria.,I ricercatori ritrattarono la teoria.,Le persone accettarono la teoria.,effect,1,73,False
I fan fischiarono durante la partita.,La partita aveva superato i limiti di tempo.,L'arbitro aveva preso una decisione sbagliata.,cause,1,74,False
Avevo inserito la combinazione nel lucchetto.,Chiusi il lucchetto.,Il lucchetto si aprì di scatto.,effect,1,75,False
La folla si infittì.,Il padre diede dei soldi al figlio.,Il padre prese il figlio per mano.,effect,1,76,False
La neve stava bloccando il vialetto.,Feci una palla di neve.,Spalai via la neve.,effect,1,77,False
I canottieri pagaiarono con i loro remi.,La canoa raggiunse la costa.,La canoa colpì un'onda.,effect,0,78,True
La ragazza perse il controllo della bicicletta.,Lasciò andare il manubrio.,Andò a sbattere contro un recinto.,effect,1,79,False
Accesi il ventilatore.,Spruzzò acqua sulla mia pelle.,Sentii dell'aria fredda passarmi addosso.,effect,1,80,False
I surfisti ritornarono sulla spiaggia.,Erano fradici.,Avevano visto uno squalo.,cause,1,81,False
Tirai via il tappo dalla vasca.,L'acqua della vasca si prosciugò.,L'acqua schizzò sul pavimento.,effect,0,82,False
Il marito si sentì colpevole di aver tradito la moglie.,L'accuso di infedeltà.,Confessò di esserle stato infedele.,effect,1,83,False
L'inchiostro sul poster si sbavò.,Avevo aspettato che l'inchiostro asciugasse.,Avevo rovesciato dell'acqua sul poster.,effect,1,84,False
Il bambino si svegliò urlando.,Aveva avuto un incubo.,Aveva bagnato il letto.,cause,0,85,False
Il ragazzo mise i piedi sul tavolo.,I padre si sedette al tavolo.,Il padre lo sgridò.,effect,1,86,False
Il mio amicò girò la testa verso di me.,Avevo gridato il suo nome.,Avevo agitato le braccia.,cause,0,87,False
Il governo aveva oppresso i suoi cittadini.,I cittadini inscenarono una rivolta.,I cittadini si registrarono per votare.,effect,0,88,False
Un ragazzo si era perso nel bosco.,Montò una tenda.,Urlò aiuto.,effect,1,89,False
La donna aveva viaggiato all'estero.,Voleva imparare a disegnare.,Voleva conoscere altre culture.,cause,1,90,False
L'uomo era geloso dei suoi colleghi.,I suoi colleghi avevano avuto una promozione.,I suoi colleghi lavoravano fino a tardi.,cause,0,91,False
L'uomo aveva assistito agli alieni.,Aveva avuto delle allucinazioni.,Stava meditando.,cause,0,92,False
I capelli dell'uomo divennero biondi.,Ci aveva messo della candeggina.,Ci aveva messo dello shampoo.,cause,0,93,False
L'artista creò una nuova opera.,Aveva criticato la sua opera precedente.,Aveva avuto un impeto di ispirazione.,cause,1,94,False
Il figlio si trasferì lontano da casa.,Era stato congedato dal servizio militare.,Stava andando all'università.,cause,1,95,False
Dei libri caddero dalla libreria.,Gli scaffali erano ricoperti da polvere.,Un terremoto aveva scosso la libreria.,cause,1,96,False
L'elettricità nella casa saltò.,Accesi una luce.,Resettai il salvavita.,effect,1,97,True
Facemmo un giro sulla montagne russe.,Sembrava spaventoso.,Sembrava divertente.,cause,1,98,False
La busta di popcorn iniziò a scoppiettare.,Avevo versato del burro nella busta.,L'avevo riscaldata in microonde.,cause,1,99,False
Un albero è caduto sulla linea elettrica.,È andata via la luce in tutto il quartiere.,Le previsioni prevedevano dei venti forti.,effect,0,100,False
L'oratore ha fatto dei commenti politicamente scorretti.,Ha annoiato il pubblico.,Ha offeso il pubblico.,effect,1,101,False
Mi sono punto con la spilla.,La mia faccia si è imperlata di sudore.,Si è formata una goccia di sangue sul mio dito.,effect,1,102,False
Il pesce galleggiava sulla superficie della vasca.,Aveva fame.,Era morto.,cause,1,103,False
L'uomo aveva la voce rauca.,Aveva un raffreddore.,Ha smesso di fumare.,cause,0,104,False
Le porte dell'ascensore si sono aperte.,L'ascensore è arrivato al piano previsto.,L'ascensore si è bloccato tra due piani.,cause,0,105,False
Il ragazzino è sgattaiolato via di casa.,Ha mentito ai suoi genitori.,I suoi genitori lo hanno messo in punizione.,cause,1,106,False
Il bagno si è allagato.,Il gabinetto si è intasato.,Lo scaldabagno si è rotto.,cause,0,107,False
Il cucciolo non si allontanava dal padrone.,Il padrone ha messo un collare al cucciolo.,Il padrone teneva il cucciolo al guinzaglio.,cause,1,108,False
L'uomo ha colto il suo riflesso.,Stava sotto un albero dai rami tentacolari.,Stava nei pressi di un lago calmo.,cause,1,109,False
Ho perso la telefonata della mia ragazza.,L'ho richiamata.,L'ho incontrata per cena.,effect,0,110,False
La famiglia ha setacciato il quartiere.,Il loro cane era scappato di casa.,Dei gioielli costosi erano spariti da casa loro.,effect,0,111,False
Quando espiravo vedevo il mio fiato.,Fuori faceva freddo.,Avevo delle fitte al petto.,cause,0,112,False
Gli impiegati hanno costituito un sindacato.,Volevano delle condizioni lavorative migliori.,Il loro datore di lavoro ha aumentato il loro salario.,cause,0,113,False
Ho fatto una crostata di mele.,La cucina puzzava di marcio.,La cucina aveva un profumino accogliente.,effect,1,114,False
La donna faticava a camminare.,Indossava dei tacchi alti.,Si era tolta le scarpe.,cause,0,115,False
Del vapore si è sollevato dalla pentola piena d'acqua.,L'acqua bolliva.,Ho coperto la pentola.,cause,0,116,False
Tutti i miei calzini erano nel bucato da lavare.,Ho indossato dei sandali.,Ho indossato degli stivali.,effect,0,117,False
L'argomentazione del politico fu considerata assurda.,Perse l'appoggio degli elettori.,Fu accusato di corruzione.,effect,0,118,False
Tutti erano contro il fidanzamento ufficiale della coppia.,La coppia era in dolce attesa.,La coppia si è sposata di nascosto.,effect,1,119,False
Il palazzo è stato dedicato al milionario.,Il milionario voleva distruggere il palazzo.,Il milionario ha contribuito ai fondi per la sua costruzione.,cause,1,120,False
L'assistente alle vendite ha accusato di furto la ragazza.,L'assistente alle vendite ha visto la ragazza infilare della mercanzia dentro la sua borsetta.,L'assistente alle vendite ha aiutato la ragazza a trovare la borsetta che le piaceva.,cause,0,121,False
La nazione ha dichiarato guerra al territorio vicino.,I soldati sono stati mandati in missione a combattere.,I soldati si sono riuniti con le proprie famiglie.,effect,0,122,False
Il tribunale ha confermato la sentenza controversa.,È scattata una rivolta davanti al tribunale di giustizia.,Una coppia ha scambiato le promesse di matrimonio davanti al tribunale di giustizia.,effect,0,123,False
La ragazza sentiva odore di bruciato.,Ha preso dei biscotti dal barattolo.,Ha lasciato i biscotti nel forno.,cause,1,124,False
Pioveva a dirotto.,La tempesta è peggiorata.,Sono scappato dentro casa.,effect,1,125,False
Il palazzo è stato evacuato.,L'ascensore ha smesso di funzionare.,È scattato l'allarme antincendio.,cause,1,126,False
Il padre non sopportava l'alcolismo del figlio.,Il padre ha comprato una birra al figlio.,Il padre ha cacciato di casa il figlio.,effect,1,127,False
L'avvocata ha fatto le scale per salire al suo ufficio.,La segretaria è tornata a casa dopo il lavoro.,L'ascensore era guasto.,cause,1,128,False
L'uomo era infastidito dal suo amico.,Il suo amico lo ha interrotto.,Il suo amico gli ha offerto il pranzo.,cause,0,129,False
La ragazza ha dato i soldi alla cassiera.,La cassiera ha dato il resto alla ragazza.,La cassiera si è dimenticata di dare lo scontrino alla ragazza.,effect,0,130,False
La donna fu messa su una sedia a rotella.,Era rimasta paralizzata in un incidente.,È entrata in ospedale su di una barella.,cause,0,131,False
I cittadini appesero la bandiera nazionale sulla facciata delle loro case.,Il paese stava commemorando la sua indipendenza.,Il paese stava affrontando una grave situazione economica.,cause,0,132,False
La squadra ha perso il torneo.,Hanno deluso i loro fan.,Hanno ispirato i loro fan.,effect,0,133,False
Il mio amico mi ha fatto notare che avevo del cibo incastrato fra i denti.,Mi sono sentito in imbarazzo.,Ero fiero di me stesso.,effect,0,134,False
Il ragazzo non ha passato l'esame di storia.,Ha prestato attenzione in classe.,Si è dimenticato di studiare.,cause,1,135,False
Il palazzo in centro città è crollato.,Un terremoto ha colpito la città.,La criminalità nella città è aumentata.,cause,0,136,False
La ragazza dell'uomo l'ha lasciato.,Lui l'ha implorata di tornare assieme.,Lei lo ha presentato ai suoi genitori.,effect,0,137,False
I due bambini si abbassarono simultaneamente per prendere il pallone.,Il pallone è rotolato via.,Hanno battuto la testa uno contro l'altro.,effect,1,138,False
Il procione ha rovistato il bidone della spazzatura.,C'era del cartone all'interno del bidone della spazzatura.,Il coperchio non copriva il bidone della spazzatura.,cause,1,139,False
Il ragazzo ha temperato la matita.,Costava poco.,Era poco appuntita.,cause,1,140,False
La cassiera non ha concesso alla donna un rimborso per il vestito.,La donna ha perso lo scontrino.,Il vestito non le stava bene addosso.,cause,0,141,False
Il graffio sulla mia pelle era profondo.,È guarito velocemente.,Ha lasciato una cicatrice.,effect,1,142,False
I passeggeri del treno guardarono strano l'uomo.,Stava fissando il pavimento.,Stava parlando da solo.,cause,1,143,False
Il bambino ha lasciato delle briciole sul pavimento.,Le formiche si sono arrampicate verso le briciole.,Il bambino ha messo via il pane.,effect,0,144,False
La donna diede un fazzolleto a sua sorella.,La sorella della donna intrecciò le mani.,La sorella della donna cominciò a piangere.,cause,1,145,False
L'uomo prese una mentina.,Le sue labbra erano screpolate.,Temeva di avere l'alito cattivo.,cause,1,146,False
La coppia se ne andò presto alla volta dello spettacolo.,Avevano previsto del traffico attorno al teatro.,Avevano ottenuto le indicazioni per il teatro.,cause,0,147,False
La donna era rimasta a casa dal lavoro.,Il suo capo l'ha lodata.,La sua collega di lavoro l'ha coperta.,effect,1,148,False
L'uomo ha firmato la petizione degli attivisti.,Sosteneva la loro causa.,Li ha denunciati come pazzi.,cause,0,149,False
All'uomo batteva forte il cuore prima della sua esibizione.,Aveva il panico da palcoscenico.,Aveva memorizzato le sue battute.,cause,0,150,False
Mi ero perso.,Ho contato i miei soldi.,Ho aperto una mappa.,effect,1,151,False
La frutta matura rimase esposta al sole.,È stata mangiata.,Si è avvizzita.,effect,1,152,False
La macchina si è rotta.,L'ho messa in moto.,Il motore si è surriscaldato.,cause,1,153,False
L'uomo si è fatto male alla schiena.,Ha visitato uno psichiatra.,È rimasto a letto per svariati giorni.,effect,1,154,False
Ho acceso un fuoco nel caminetto.,Non c'era più legna.,Faceva freddo nella casa.,cause,1,155,False
La donna ha smesso di fare jogging.,Le è venuto un crampo al fianco.,Si è ripresa un po'.,cause,0,156,False
Ho bussato alla porta della mia vicina.,La mia vicina mi ha invitata dentro.,La mia vicina ha lasciato casa sua.,effect,0,157,False
La donna emise un sospiro di frustrazione.,Suo marito non ha compreso le sue preoccupazioni.,Suo marito le ha dato un bacio di addio.,cause,0,158,False
La maestra ha elogiato lo studente.,Lo studente ha risposto correttamente.,Lo studente ha esitato nel rispondere alla domanda.,cause,0,159,False
La donna aveva finito le uova.,È andata alla fattoria.,È andata al supermercato.,effect,1,160,False
Ho incontrato un vecchio amico.,Gli ho svelato un segreto.,L'ho abbracciato.,effect,1,161,False
La donna evitò di entrare nel lago.,Ha pescato un pesce.,Sembrava inquinato.,cause,1,162,False
Lo studente arrivò in classe completamente fradicio.,Il suo ombrello si era rotto.,La sua bici era stata rubata.,cause,0,163,False
Il cursore sullo schermo del computer si è mosso.,L'utente ha cliccato il mouse.,L'utente ha spostato il mouse.,cause,1,164,False
L'autista ha fatto una deviazione.,C'è stato un incidente sulla strada principale.,Ha seguito il furgone davanti a lei.,cause,0,165,False
Ho appeso la biancheria bagnata sullo stendino di fuori.,La biancheria si è asciugata.,La biancheria si è macchiata.,effect,0,166,False
La donna ha indossato gli occhiali da sole.,La luce del sole era abbagliante.,Ha fermato un taxi.,cause,0,167,False
L'uomo ammirò il cielo notturno.,Desiderava fosse estate.,Pensava che fosse stupendo.,cause,1,168,False
Mi sentivo esausto.,Sono andato a dormire presto.,Sono rimasto sveglio tutta la notte.,effect,0,169,True
L'uomo è andato dal barbiere.,Si stava lasciando crescere i capelli.,I suoi capelli stavano diventando lunghi.,cause,1,170,False
Il ragazzino faceva dei brutti scherzi al suo nuovo compagno di classe.,Il ragazzino ha dato il benvenuto al suo nuovo compagno di classe.,Al ragazzino non piaceva il nuovo compagno di classe.,cause,1,171,False
Bramavo un bicchiere di latte.,Stavo mangiando dei biscotti.,Stavo infornando del pane.,cause,0,172,False
È iniziato a piovere.,L'autista ha accesso i fari.,L'autista ha messo la macchina in retromarcia.,effect,0,173,False
Il parcheggio del palazzo era vuoto.,Ho parcheggiato dall'altro lato della strada.,Ho parcheggiato vicino all'entrata.,effect,1,174,False
La scrittrice ha mancato la scadenza per inviare la bozza.,Aveva il blocco dello scrittore.,Ha corretto la bozza.,cause,0,175,False
L'impiegato mi ha chiuso il telefono in faccia.,Ho chiesto di rivolgermi ad un superiore.,Gli ho fornito il mio numero identificativo.,cause,0,176,False
Il vento soffiò attraverso la finestra aperta.,Il campanello squillò.,Le tende oscillarono.,effect,1,177,False
C'è stata una interruzione di corrente elettrica a casa mia.,Ho scollegato una lampada.,Ho bruciato un fusibile.,cause,1,178,False
Il cuturista ha lanciato un gemito.,Ha flesso i muscoli allo specchio.,Ha sollevato la barra sopra la sua testa.,cause,1,179,False
Lo studente ha provato a fare i calcoli a mente.,Ha estratto una calcolatrice.,Si è confuso.,effect,1,180,False
Il bambino si è addormentato.,Il papà ha cambiato il pannolino del bambino.,Il padre ha cullato dolcemente il bambino.,cause,1,181,False
La bambina ha tirato il gavettone al bambino.,Il ragazzo ha avuto una commozione cerebrale.,Il ragazzo si è inzuppato.,effect,1,182,False
Il fotografo si è dimenticato di usare il flash.,Le foto sono uscite sfocate.,Tutte le persone nella foto si sono rifiutate di sorridere.,effect,0,183,False
Ho rifiutato l'invito alla festa di compleanno.,Ero solo.,Ero fuori città.,cause,1,184,False
Ho fatto ginnastica.,Mi sentivo pieno di energie.,Ero spaventato.,cause,0,185,False
Ho strizzato la spugna umida.,Ha assorbito dell'acqua.,È colata dell'acqua.,effect,1,186,False
I vacanzieri hanno raggiunto il villaggio turistico con un traghetto.,Il villaggio turistico era pieno.,Il villaggio turistico si trovava su di una isola.,cause,1,187,False
La ragazzina si è fatta un tatuaggio.,Aveva paura degli aghi.,Voleva ribellarsi.,cause,1,188,False
Una macchina ignota ha parcheggiato fuori casa mia.,Mi sono insospettita.,Ho chiamato la polizia.,effect,0,189,False
Il criminale si è costituito.,Le prove lo hanno incriminato.,Non c'erano prove contro di lui.,cause,0,190,False
Un uomo robusto ha deciso di perdere peso.,Ha escluso i dolci dalla dieta.,Ha evitato la caffeina.,effect,0,191,False
La ragazza ha calpesatato del ghiaccio.,È scivolata.,Ha rabbrividito.,effect,0,192,False
La donna aveva le borse sotto gli occhi.,È rimasta tutta la notte sveglia.,Ha fatto addormentare il figlio.,cause,0,193,False
La lava fuoriusciva dal vulcano.,Il vulcano ha eruttato.,Il vulcano era dormiente.,cause,0,194,False
La donna ha indossato le sue scarpe.,Conosceva tutti alla festa.,Voleva lasciare la festa.,cause,1,195,False
Ho pagato l'addetto del casello.,Mi ha lasciato passare oltre il casello.,Mi ha trattenuto al casello.,effect,0,196,False
Il dirigente è andato in bancarotta.,Ha venduto tutte le azioni della compagnia.,Ha sperperato le sue fortune.,cause,1,197,False
L'uomo è andato dal dottore.,Il dottore era in congedo.,L'uomo si era ammalato.,cause,1,198,False
Sono uscito dalla mia stanza da letto attraverso la finestra.,La casa era in fiamme.,La casa era vuota.,cause,0,199,False
Le dita del bambino erano raggrinzite.,Ha fatto una doccia lunga.,Si è cosparso le mani di sapone.,cause,0,200,False
Ho sputato il latte.,Il latte era acido.,La mia bocca era asciutta.,cause,0,201,False
Ho perso l'autobus.,Ero in anticipo per il lavoro.,Sono arrivato tardi a lavoro.,effect,1,202,False
Il camion si è scontrato con l'auto.,Il camion ha accelerato.,La macchina si è sfasciata.,effect,1,203,False
La squadra ha truccato il concorso a proprio favore.,Hanno vinto.,Si sono ritirati.,effect,0,204,False
La bottiglia della bevanda ha frizzato.,Ho capovolto la bottiglia.,Ho svitato il tappo.,cause,1,205,False
Il bambino è rimasto chiuso fuori di casa.,È rientrato infilandosi in una finestra.,Si è arrampicato sul tetto.,effect,0,206,False
Il campanello suonò.,Il visitatore bussò alla porta con il battente .,La donna sbirciò fuori attraverso il buco della serratura nella porta.,effect,1,207,False
L'uomo si macchiò l'abito.,L'ha lavato a secco.,L'ha appeso nell'armadio.,effect,0,208,False
La ragazza schiacciò il tubetto del dentifricio.,Il dentifricio schizzò fuori dal tubetto.,La ragazza sputò il dentifricio.,effect,0,209,False
Le morti civili dovute alla guerra si impennarono.,I pacifisti organizzarono una protesta.,I pacifisti tennero una parata.,effect,0,210,False
La ragazza si è strappata via il fiocco dai capelli.,Ha legato il fiocco.,Il fiocco la faceva sembrare infantile.,cause,1,211,False
L'uomo si è fatto una chirurgia plastica.,È invecchiato.,Sembrava più giovane.,effect,1,212,False
Un pulcino ha fatto capolino dall'uovo.,L'uovo si è schiuso.,Ho rotto l'uovo.,cause,0,213,False
Il prigioniero era denutrito.,È morto.,È scappato via.,effect,0,214,False
L'uomo perse l'equilibrio sulla scala.,Ha salito la scala.,È caduto dalla scala.,effect,1,215,False
Il bambino ha ruttato.,Ha bevuto un sorso di soda.,Ha aperto una lattina di soda.,cause,0,216,False
Uno spiffero freddo entrò dalla finestra.,Mi sono rilassata.,Ho rabbrividito.,effect,1,217,False
Lo studente ha ricevuto una borsa di studio per l'università.,I suoi compagni di classe la rispettavano.,Aveva dei voti alti.,cause,1,218,False
La ragazza ha scherzato con il ragazzo.,Lei abitava alla porta accanto.,Lei aveva una cotta per lui.,cause,1,219,False
Il vagabondo affamato ha rubato del cibo.,Faceva pietà.,Non aveva denaro.,cause,1,220,False
Ho chiamato il mio amico per chiaccherare.,Cercavo la solitudine.,Mi sentivo solo.,cause,1,221,False
L'uomo protese la mano verso di me.,Gli ho stretto la mano.,L'ho schiaffeggiato.,effect,0,222,False
Mi sono scansato.,I fuochi d'artificio sono stati lanciati in aria.,Il frisbee è planato verso la mia testa.,cause,1,223,False
La ragazza si mordeva le unghia.,Era preoccupata.,Era sorpresa.,cause,0,224,False
Ho girato pagina al calendario.,Ho segnato un appuntamento sul calendario.,Era l'inizio di un nuovo mese.,cause,1,225,False
Il marito ha scoperto che la moglie lo tradiva.,Ha licenziato il suo avvocato.,Ha chiesto il divorzio.,effect,1,226,False
La ragazza ha fatto cadere la palla di gomma.,La palla ha rimbalzato.,La palla brillava.,effect,0,227,False
La ragazza ha commesso un errore nel suo compito.,Ha indovinato la risposta.,Ha cancellato la risposta.,effect,1,228,False
Il giocatore ha placcato il suo avversario.,Il suo avversario ha preso il passaggio.,Il suo avversario è caduto a terra.,effect,1,229,False
Ho raccolto i pomodori a grappolo.,Erano maturi.,Li ho annaffiati.,cause,0,230,False
L'uomo voleva fare il romantico.,Ha incontrato la sua ex a pranzo.,Ha comprato dei cioccolatini alla sua ragazza.,effect,1,231,False
Il mercurio nel termometro si è alzato.,Ho fatto cadere il termometro.,Il clima si è scaldato.,cause,1,232,False
Un tornado è passato attraverso la città.,Il tetto del tribunale è volato via.,L'autostrada era pericolosamente ghiacciata.,effect,0,233,False
Lo studente andava a ripetizioni.,I suoi voti sono migliorati.,Ha copiato all'esame.,effect,0,234,False
Mi sentivo a mio agio.,Mi sono inginocchiato per terra.,Mi sono avvolta in una coperta.,cause,1,235,False
Ho lucidato la pietra.,È diventata scivolosa.,È diventata lucida.,effect,1,236,False
Ho aggiunto dello zucchero nel caffè.,Il caffè emanava un odore fortissimo.,Il caffè aveva un sapore dolce.,effect,1,237,False
L'uomo sfogliava le pagine.,Si è tagliato con la carta.,Ha distrutto le pagine col tritacarta.,effect,0,238,False
Ho battuto il chiodo con il martello.,Il chiodo è affondato nel legno.,Il chiodo si è arrugginito.,effect,0,239,False
Il pesce ha morso la lenza.,Il pescatore ha tirato su il pesce.,Il pescatore ha buttato di nuovo la lenza.,effect,0,240,True
La ragazzina era in imbarazzo ad andare a scuola.,Aveva un brufolo.,Si è tolta l'apparecchio per i denti.,cause,0,241,False
Il mio viso si è illuminato.,Ho ricevuto delle buone notizie.,Ho perso la pazienza.,cause,0,242,False
Ho asciugato le mie mani con un asciugamano.,L'asciugamano era bagnato.,Le mie mani erano bagnate.,cause,1,243,False
L'uomo ha perso l'equilibrio sullo sgabello.,Lo sgabello traballava sotto di lui.,Ha rovesciato della pittura sullo sgabello.,cause,0,244,False
I compagni di squadra si sono incolpati a vicenda.,Hanno perso la partita.,Il loro allenatore ha cancellato l'allenamento.,cause,0,245,False
Ho chiesto perdono.,Mi sono pentito del mio errore.,Ho raggiunto il mio obiettivo.,cause,0,246,False
La donna si è annoiata con il suo fidanzato.,Lui chiedeva domande su di lei.,Parlava di se stesso in maniera incessante.,cause,1,247,False
La ragazza ha sfoderato un sorriso.,Le sue guance sono arrossite.,Sono emerse le fossette.,effect,1,248,False
La nave nemica è esplosa.,È passata su di una mina.,È attraccata in porto.,cause,0,249,False
L'uomo si è perforato un piede.,Ha calpestato una pozzanghera.,Ha calpestato del vetro rotto.,cause,1,250,False
Gli investigatori hanno controllato le impronte sulla scena del crimine.,Hanno scoperto l'identità dell'assassino.,Hanno trovato l'arma del delitto sulla scena del crimine.,effect,0,251,False
C'era molto traffico sull'autostrada.,Ho preso una deviazione.,Ho chiesto un passaggio.,effect,0,252,False
L'economia nazionale era in declino.,Molte persone si sono ammalate.,Molte persone hanno affrontato la disoccupazione.,effect,1,253,False
Il vigile urbano ha soffiato il fischietto ai bambini.,I bambini stavano per attraversare con il traffico in arrivo.,Il vigile li ha riconosciuti dal suo quartiere.,cause,0,254,False
Ho alzato gli occhi al cielo con il mio amico.,Mi ha detto la verità.,Ha fatto un commento sarcastico.,cause,1,255,False
L'auto è rimasta senza benzina.,L'autista è rimasto bloccato sulla strada.,L'autista ha preso su un autostoppista.,effect,0,256,False
La donna è entrata in travaglio.,Il bambino è stato partorito.,La donna aveva la nausea mattutina.,effect,0,257,False
Il cappello dell'uomo è volato via.,L'uomo si è tolto il cappello.,Tirava vento fuori.,cause,1,258,False
La ragazza ha partecipato alla festa di compleanno della sua compagna di classe.,Ha ricevuto un invito.,Ha comprato un regalo.,cause,0,259,False
La fronte del ragazzo scottava.,Sua madre ha misurato la febbre.,Sua madre l'ha portato al parco.,effect,0,260,False
L'uomo si è spruzzato il profumo.,Voleva fare colpo sulla sua accompagnatrice.,Si è ingellato i capelli.,cause,0,261,False
L'elettricità in casa è saltata.,Ho cercato una torcia.,Ho raccolto una pala.,effect,0,262,False
La famiglia ha traslocato in una casa più grande.,Il figlio si è diplomato al liceo.,La madre ha dato vita a due gemelli.,cause,1,263,False
La maratoneta manteneva un ritmo lento.,Voleva risparmiare energie.,Ha scorto il traguardo.,cause,0,264,False
Il ragazzo ha preso a calci il distributore automatico.,Il distributore ha sputato fuori il resto.,Il pacco di patatine era rimasto incastrato dentro.,cause,1,265,False
Il cane del mio amico è morto.,Ho alzato gli occhi al cielo.,L'ho abbracciato.,effect,1,266,False
La carta di credito dell'imprenditore è stata rifiutata.,Ha scritto una cambiale.,Ha pagato in contanti.,effect,1,267,False
L'uomo imprecò.,Si è tagliato le unghie.,Ha sbattuto il dito.,cause,1,268,False
L'uomo era fiero di suo fratello.,Suo fratello ha litigato con i loro genitori.,Suo fratello è entrato a giurisprudenza.,cause,1,269,False
La ragazza voleva saperne di più sul sistema solare.,È andata alla biblioteca.,Ha guardato le stelle.,effect,0,270,False
Il poster si è attaccato al muro.,Ho posizionato il poster sopra la porta.,Ho messo del nastro adesivo dietro il poster.,cause,1,271,False
Il cliente ha approvato il progetto del palazzo creato dall'architetto.,L'architetto ha costruito il palazzo.,L'architetto ha sistemato il progetto.,effect,0,272,False
L'uomo ha fatto cadere il suo cucchiaio.,La sua mano stava tremando.,Ha leccato il cucchiaio.,cause,0,273,False
L'amministratore delegato della società si è dimesso.,Il consiglio di amministrazione ha sciolto la società.,Il consiglio di amministrazione ha trovato il suo sostituto.,effect,1,274,False
Sono arrivato tardi a lezione.,Ho trovato posto in fondo all'aula.,Mi sono avvicinato al podio.,effect,0,275,False
L'uomo è stato rilasciato dal carcere.,La sua famiglia ha pagato la cauzione.,Lui ha attaccato un altro prigioniero.,cause,0,276,False
La famiglia ha perso tutti i suoi averi.,Hanno venduto la casa.,La loro casa è andata in fiamme.,cause,1,277,False
Ho calpestato la lattina.,La lattina è stata riciclata.,La lattina è stata schiacciata.,effect,1,278,False
La ragazza si è unita al gruppo di dibattito.,Ha imparato ad usare un computer.,Ha imparato delle abilità comunicative.,effect,1,279,False
Il mio umore è migliorato.,Ho ascoltato della musica.,Ho lavato i piatti.,cause,0,280,False
L'ente di beneficenza si è posto l'obiettivo di raccogliere fondi.,Hanno nutrito i senzatetto.,Hanno indetto un'asta.,effect,1,281,True
La vettura si è tuffata lungo la discesa repentina delle montagne russe.,I passeggeri hanno riso.,I passeggeri hanno urlato.,effect,1,282,False
Ero furioso.,Ho controllato la cassetta della posta prima lasciare casa.,Ho sbattuto la porta uscendo di casa.,effect,1,283,False
L'uomo voleva vedere l'alba.,Ha viaggiato verso nord.,Si è alzato presto.,effect,1,284,False
Ho piegato il foglio.,Ho riciclato il foglio.,Il foglio si è stropicciato.,effect,1,285,False
La nazione ha subito un disastro naturale.,I capi delle altre nazioni hanno creato un'alleanza.,I capi delle altre nazioni hanno mandato dei soccorsi d'emergenza.,effect,1,286,False
I vestiti del ragazzo si sono inzuppati.,Si è arrampicato fuori dalla piscina.,È caduto in piscina.,cause,1,287,False
Lo studente ha finito il libro in fretta.,Era tempo di riportarlo in biblioteca.,L'ha preso in prestito da un amico.,cause,0,288,False
Il criminale è stato giustiziato.,È stato sbattuto in prigione.,È stato incriminato di omicidio.,cause,1,289,False
La luce del sole era entrata nella stanza.,Ho aperto le tapparelle.,Ho aperto la porta con la chiave.,cause,0,290,False
Ho strappato i capelli all'impostore.,La sua parrucca si è staccata.,È diventato pelato.,effect,0,291,False
L'editore ha riformulato una frase del manoscritto.,Ha trovato il manoscritto interessante.,Ha ritenuto la frase poco chiara.,cause,1,292,False
La donna ha cancellato il conto della sua carta di credito.,Si è accorta di aver perso la carta.,Si è accorta che la carta era scaduta.,cause,0,293,False
L'uomo e la donna si innamorarono.,Sono andati all'università.,Si sono sposati.,effect,1,294,False
La musica era troppo bassa per essere sentita.,Ho alzato il volume.,Ho composto una mia canzone.,effect,0,295,False
I capelli del ragazzo erano arruffati.,La ragazza li ha scompigliati.,La ragazza li ha tirati.,cause,0,296,False
L'insetto è statto schiacciato.,Mi sono spruzzata lo spray repellente addosso.,Ho calpestato l'insetto.,cause,1,297,False
Ho aperto gli occhi.,Mi sono svegliato.,Mi sono rilassato.,cause,0,298,False
La musica del vicino era assordante.,Gli ho chiesto di abbassare il volume.,Gli ho chiesto di prestarmi il CD.,effect,0,299,False
La famiglia dell'uomo viveva in povertà.,Era parsimonioso con il suo stipendio.,Guadagnava meno del salario minimo.,cause,1,300,False
Lo studente si laureò all'università.,Cercò un lavoro.,Si trovò un passatempo.,effect,0,301,False
L'artista miscelò la tempera gialla con quella blu.,La tempera spruzzò dappertutto.,La tempera diventò verde.,effect,1,302,False
Cambiai argomento di conversazione.,Avevo finito le cose di cui parlare.,La conversazione divenne tesa.,cause,1,303,True
Mio fratello fu dimesso dall'ospedale.,Gli diedi il bentornato a casa.,Lo trattai con freddezza.,effect,0,304,False
La tenda sul parco si alzò.,Iniziò la scena di apertura dello spettacolo.,Gli attori dello spettacolo uscirono di scena.,effect,0,305,False
L'ostaggio si sottomise agi ordini del rapitore.,Il rapitore minacciò di fare del male all'ostaggio.,Il rapitore lasciò l'ostaggio da solo.,cause,0,306,False
Un rimbombo riverberò sul palco.,Il musicista batté il piede.,Il musicista pestò sul tamburo.,cause,1,307,False
I genitori accorsero alla camera da letto del figlio.,Il figlio si era svegliato da un incubo urlando.,Il figlio aveva paura di guardare sotto il letto.,cause,0,308,False
La donna comunicò attraverso la lingua dei segni.,Era nata prematura.,Era sorda dalla nascita.,cause,1,309,False
Ci fu siccità nella regione.,L'acqua fu contaminata.,Il raccolto andò distrutto.,effect,1,310,False
Il gatto diede la caccia all'uccello.,L'uccello volò via.,L'uccello catturò un verme.,effect,0,311,False
La ragazza cambiò scuola.,Erano le vacanze estive.,Si era transferita in una nuova città.,cause,1,312,False
Il padrone della fabbrica si rifiutò di aumentare il salario dei suoi operai.,Il padrone assunse un nuovo amministratore.,Gli operai andarono in sciopero.,effect,1,313,False
Il capo di partito si inimicò gli estremisti all'interno del proprio paese.,Gli estremisti lo influenzarono.,Gli estremisti lo assassinarono.,effect,1,314,False
Camminai a piedi nudi sulla spiaggia.,La sabbia si appiccicò ai miei piedi.,Le onde si infransero lungo la spiaggia.,effect,0,315,False
Mi svegliai nel mezzo della notte per il freddo.,Indossai i pantaloni della tuta.,Bevvi un bicchier d'acqua.,effect,0,316,False
La madre zittì suo figlio.,Suo figlio fece una smorfia di soddisfazione.,Suo figlio piagnucolava.,cause,1,317,False
I miei jeans si squarciarono.,Tirai su la cerniera.,Inciampai sul marciapiede.,cause,1,318,False
Il ragazzo indossava l'apparecchio.,Prese le carie.,Il suoi denti si raddrizzarono.,effect,1,319,False
Ieri mi esercitai in palestra.,Oggi mi  sono svegliato con i muscoli doloranti.,Oggi mi sono svegliato con la gola infiammata.,effect,0,320,False
Le ragazze continuavano a parlarsi all'orecchio a tavola.,Altri studenti si sedettero alla tavola.,Gli altri studenti a tavola si sentirono esclusi.,effect,1,321,False
La bambina atterrò sul tappeto elastico.,Si librò di nuovo in aria.,Decise di provare a fare una capriola.,effect,0,322,False
Depositai una lettera nella buca.,L'ufficio postale recapitò la lettera.,L'ufficio postale accelerò la lettera.,effect,0,323,False
Il giocatore d'azzardo era sicuro di sé.,Scommise tutto il suo denaro.,Tornò a casa squattrinato.,effect,0,324,False
L'incendio si diffuse per la foresta.,I venti si intensificarono.,Gli incendiari furono arrestati.,cause,0,325,False
Il bambino si sbucciò il ginocchio.,La madre lo mandò in camera sua.,La madre mise un cerotto sulla ferita.,effect,1,326,False
L'uomo soppravvisse a una malattia mortale.,Aveva firmato il suo testamento.,Aveva ricevuto un trapianto di organi.,cause,1,327,False
Bevvi un sorso del caffè bollente.,Mi morsi la lingua.,Mi scottai la lingua.,effect,1,328,False
L'editore licenziò la scrittrice.,La scrittrice evitava distorsioni nelle sue storie.,La scrittrice aveva mancato una scadenza importante.,cause,1,329,False
Mi sentivo esausto.,Dormii per tutto il giorno.,Studiai per tutto il giorno.,cause,1,330,True
La dottoressa fece una diagnosi al paziente.,Identificò i sintomi del paziente.,Prescrisse delle pillole al paziente.,cause,0,331,False
Mi grattai la pelle.,Era sudata.,Prudeva.,cause,1,332,False
L'uomo subì un intervento chirurgico d'urgenza.,Aveva perso il controllo.,Aveva avuto un infarto.,cause,1,333,False
I muscoli sul braccio dell'uomo sporsero.,Aveva contratto le braccia.,Aveva massaggiato le braccia.,cause,0,334,False
L'uomo sollevò le sopracciglia.,Era sorpreso.,Si sentiva scoraggiato.,cause,0,335,False
Scusai la gaffe del mio collega.,Credevo che aveva avuto buone intenzioni.,Credevo fosse più giudizioso.,cause,0,336,False
L'uomo smise di fumare.,Iniziò a esercitasi di più.,Iniziò a svegliarsi prima.,effect,0,337,False
La donna diede un pugno al naso dell'assalitore.,Il corpo dell'assalitore cadde esanime.,L'assalitore iniziò a sanguinare.,effect,1,338,False
La freccetta mancò il centro del bersaglio.,L'uomo aveva mirato male.,L'uomo stava perdendo la partita.,cause,0,339,False
Il proprietario richiese che un disinfestatore venisse a casa sua.,Scoprì dei topi in cantina.,Teneva un allevamento di formiche in camera sua.,cause,0,340,False
Proposi al mio ospite di cenare fuori.,Ero troppo stanco per preparare alcunché.,Il mio ospite aveva prolungato troppo la sua permanenza.,cause,0,341,False
La ragazza sorprese il fratello a sbirciare il suo diario.,Iniziò a nascondere il diario.,Comprò un diario nuovo.,effect,0,342,False
Alla donna mancavano i soldi per l'affitto.,Fece gli straordinari a lavoro.,Si licenziò da lavoro.,effect,0,343,False
La mano del mabino si ritrasse rapidamente.,Aveva toccato i fornelli caldi.,Aveva accarezzato la testa del cucciolo di cane.,cause,0,344,False
L'azienda voleva misurare la soddisfazione del cliente.,Offrirono uno sconto ai nuovi clienti.,Distribuirono un questionario fra i clienti.,effect,1,345,False
Il pavimento in legno era graffiato.,Il ragazzo aveva gettato i cuscini giù dal divano.,Il ragazzo aveva trascinato una sedia sul pavimento.,cause,1,346,False
Mi schermai la faccia.,Il mio nemico mi aveva schernito.,Il mio nemico aveva stretto il pugno.,cause,1,347,False
La famosa statua era bruciata.,Era stata colpita da un fulmine.,La gente veniva a venerarla.,cause,0,348,False
Lasciai la frutta fuori sul tavolo.,Dalla frutta caddero i semi.,Dei moscerini giravano attorno alla frutta.,effect,1,349,False
La ballerina si strappò un legamento.,Si era messa in punta di piedi.,Si era storta la caviglia.,cause,1,350,False
Il bambino aveva le scarpe slacciate.,Aveva imparato ad allacciarle.,Aveva corso in giro per il parco giochi.,cause,1,351,False
Il libro mi aveva ammaliato.,Restituii il libro.,Persi la cognizione del tempo.,effect,1,352,False
L'uomo aveva convinzioni simili a quelle dei suoi genitori.,I suoi genitori lo avevano influenzato.,I suoi genitori lo avevano ripudiato.,cause,0,353,False
La macchina rallentò gradualmente fino a fermarsi.,Aveva finito la benzina.,L'autista si era addormentato.,cause,0,354,False
L'uomo mangiò il gelato sotto il sole.,Il gelato perse il suo sapore.,Il gelato sgocciolò dal cono.,effect,1,355,False
Appesi un'opera d'arte in camera.,Il tappeto sembrava sporco.,Le pareti sembravano spoglie.,cause,1,356,False
Lasciai lavoro in anticipo.,Avevo mal di testa.,Il mio capo tenne un incontro.,cause,0,357,False
Il cucciolo insudiciò il tappeto.,Il proprietario rimproverò il cucciolo.,Il proprietario diede una ricompensa al cucciolo.,effect,0,358,False
Mi scusai con il mio amico.,Il mio amico mi perdonò.,Il mio amico si infuriò.,effect,0,359,False
L'uomo si stagliava fra la folla.,Portava uno zaino.,Indossava un giubbotto catarifrangente.,cause,1,360,False
Il testimone mentì sotto giuramento.,Completò la sua testimonianza.,Fu accusato di spergiuro.,effect,1,361,False
La donna si tinse i capelli.,Voleva un nuovo look.,Voleva passare inosservata.,cause,0,362,False
Gli immigrati furono sorpresi a risiedere illegalmente nel paese.,Trovarono un impiego.,Furono deportati.,effect,1,363,False
L'oratrice fece una battuta.,Il pubblico rise.,Il pubblico si alzò.,effect,0,364,False
Fissai il sole.,Il sole mi accecò.,Il sole abbronzò la mia pelle.,effect,0,365,False
Mi sentivo annoiato.,Sbuffai.,Sbadigliai.,effect,1,366,False
La bistecca era difficile da tagliare.,Il coltello era smussato.,La bistecca era cruda.,cause,0,367,True
La donna dichiarò bancarotta.,Riceveva assegni di mantenimento.,Aveva contratto un debito enorme.,cause,1,368,False
Le luci nell'appartamento del mio amico erano accese.,Mi chiesi se fosse uscito.,Decisi di passare a visitarlo.,effect,1,369,False
Misi il fiore sotto al naso.,I petali caddero dal fiore.,Percepii il profumo del fiore.,effect,1,370,False
La donna si sentiva nostalgica.,Si era imbattuta in un amico di infanzia.,Aveva sgridato i suoi bambini.,cause,0,371,False
Lo studente procrastinava il tema.,Consegnò il tema in anticipo.,Consegnò un tema incompleto.,effect,1,372,False
La mia macchina si è rotta.,Sono andato al centro commerciale.,Ho chiamato un meccanico.,effect,1,373,False
Buttai via l'appunto.,Era anonimo.,Era illeggibile.,cause,1,374,False
L'uccello sbatté le ali.,Depose le uova.,Si innalzò in cielo.,effect,1,375,False
Parcheggiai sul vialetto.,Il garage era aperto.,Il garage era pieno.,cause,1,376,False
Il criminale puntò la pistola contro la vittima.,Il criminale abbassò la pistola.,La vittima alzò le mani.,effect,1,377,False
Non vedevo l'ora del fine settimana.,Avevo intenzione di partecipare al funerale di mio zio.,Avevo intenzione di partecipare al matrimonio del mio amico.,cause,1,378,False
Persi cognizione del tempo.,Stavo sognando a occhi aperti.,Ero nauseato.,cause,0,379,False
La stampa del documento era illeggibile.,La stampante aveva quasi finito l'inchiostro.,La stampante aveva finito la carta.,cause,0,380,False
Lo stadio suonò l'inno nazionale.,I tifosi si rivolsero verso la bandiera.,I tifosi si precipitarono in campo.,effect,0,381,False
Il condimento era insipido.,Lo servii.,Ci misi del sale.,effect,1,382,False
Misi della carta assorbente sulla fuoriuscita.,La carta assorbì il liquido.,La fuoriuscita lasciò un residuo appiccicoso.,effect,0,383,False
La donna fu interrotta mentre leggeva il suo libro.,Mise un segnalibro sulla pagina.,Lesse il libro da capo.,effect,0,384,False
L'aereo incontrò qualche turbolenza.,L'uomo strinse la propria cintura di sicurezza.,L'uomo guardò fuori dal finestrino.,effect,0,385,False
Il ragazzo sussultò.,La ragazza lo aveva ignorato.,La ragazza lo aveva punzecchiato.,cause,1,386,False
I dottori diedero un arto artificiale al paziente.,Le avevano amputato la gamba.,Avevano monitorato le sue funzioni vitali.,cause,0,387,False
Il ragazzo pizzicò il gomito della ragazza.,Lei scrollò le spalle.,Lei ritrasse il braccio di scatto.,effect,1,388,False
Chiesi consiglio al mio amico.,Stimavo la sua opinione.,Sapevo di aver ragione.,cause,0,389,False
Il ragazzo camminò nel fango.,Il fango si attaccò alle sue scarpe.,Il fango lo colpì in faccia.,effect,0,390,False
Sulla città si depositarono svariati centimetri di neve.,Le scuole chiusero.,La gente si nascose sottoterra.,effect,0,391,False
Il turno dell'impiegato era finito.,Andò a casa per quel giorno.,Minacciò di licenziarsi.,effect,0,392,False
L'albero danneggiò la casa.,L'albero era caduto sul tetto.,L'albero faceva ombra sul giardino.,cause,0,393,False
Il legno si spaccò a metà.,Avevo impilato il legno nel camino.,Avevo fatto scendere un colpo d'ascia sul legno.,cause,1,394,False
La famiglia fece le sue congratulazioni alla coppia.,La coppia aveva annunciato che si stavano separando.,La coppia aveva annunciato che stavano avando un bambino.,cause,1,395,False
La ragazza aveva inviato al ragazzo un biglietto di S. Valentino.,Lui le piaceva.,Lei lo aveva baciato.,cause,0,396,False
Annuii all'affermazione del mio amico.,Ero confuso.,Ero d'accordo con lui.,cause,1,397,False
Gli amici lanciarono una moneta.,Volevano trovare un compromesso.,Volevano prendere la decisione giusta.,cause,1,398,True
Il timer aveva suonato in cucina.,L'uomo scaricò la spesa nel frigorifero.,L'uomo tirò fuori la pizza dal forno.,effect,1,399,False
La donna stabilì un obiettivo ambizioso.,Ha battuto la fiacca.,Ha lavorato duramente.,effect,1,400,False
L'uomo ricco morì di vecchiaia.,Suo figlio finì in qualche problema legale.,Suo figlio ereditò la sua fortuna.,effect,1,401,False
La donna calpestò le fiamme.,Le fiamme si spensero.,Del fumo si alzò dalle fiamme.,effect,0,402,False
La macchina della donna era dal meccanico.,Le era stata ritirata la patente.,Era finita in un incidente.,cause,1,403,False
Mi riaddormentai dopo la sveglia.,Preparai la colazione.,Saltai la colazione.,effect,1,404,False
La figura pubblica uscì dalla limousine.,Delle macchine fotografiche lo accecarono coi flash.,La sua famiglia partecipò alla conferenza stampa.,effect,0,405,False
La donna si trattenne nella vasca.,L'acqua del bagno divenne tiepida.,La vasca si prosciugò dell'acqua da bagno.,effect,0,406,False
Lo studente universitario voleva incontrare altri studenti nel campus.,Si unì a una confraternita.,Si laureò in ingegneria.,effect,0,407,False
Sollevai i cuscini del divano.,Cercavo monetine.,Stavo risistemando il salotto.,cause,0,408,True
La vespa volò verso il ragazzo.,Il ragazzo corse via.,Il ragazzo raccolse un fiore.,effect,0,409,False
La donna fu incriminata per un reato minore.,Fu condannata a svolgere dei servizi sociali.,Fu messa nel braccio della morte.,effect,0,410,False
Mischiai dello zucchero nel tè caldo.,Il tè fumava.,Lo zucchero si sciolse.,effect,1,411,False
Il veterano camminava zoppo.,Era stato arruolato per la guerra.,Si era infortunato in battaglia.,cause,1,412,False
Il criminale sfuggì alla polizia.,La polizia si prese cura della vittima.,La polizia inseguì il criminale.,effect,1,413,False
Il laptop non si accendeva.,L'avevo fatto cadere.,L'avevo caricato.,cause,0,414,False
La donna esaurì lo spazio nel suo armadio.,Aveva acquistato un ampio guardaroba.,Aveva piegato il bucato.,cause,0,415,True
L'uomo aveva il cuore spezzato.,La moglie aveva partorito.,La moglie l'aveva lasciato.,cause,1,416,False
L'uomo ottenne un diploma.,Divenne qualificato per il lavoro che voleva.,La sua offerta di lavoro fu ritirata.,effect,0,417,False
La voce dell'uomo si diffuse chiaramente per l'intero auditorio.,Salutò il pubblico.,Parlò nel microfono.,cause,1,418,False
Gettai una moneta nell'acqua della fontana.,La moneta si posò sul fondo.,La moneta si ruppe a metà.,effect,0,419,False
Il giocatore colpì la palla verso la buca.,La palla finì in buca.,La palla ripiegò indietro verso il giocatore.,effect,0,420,False
Inspirai la polvere in mansarda.,Ebbi il singhiozzo.,Starnutii.,effect,1,421,False
Il cassiere del negozio chiamò la sicurezza.,Il cliente aveva usato denaro contraffatto.,Il cliente aveva lasciato i fari accesi.,cause,0,422,False
Portai fuori la spazzatura.,La spazzatura faceva puzzare la cucina.,Buttai via accidentalmente la mia lista della spesa.,cause,0,423,False
La famiglia andò allo zoo.,I bambini ammirarono gli animali.,I bambini diedero la caccia agli animali.,effect,0,424,False
Il respiro dell'uomo era affannoso.,Aveva un'insufficienza renale.,Aveva una congestione polmonare.,cause,1,425,False
Avevo un biglietto in più per il concerto.,Chiesi al mio amico le indicazioni per la sala.,Chiesi al mio amico se era interessato a venire.,effect,1,426,False
Il condizionatore dentro casa si era rotto.,Tirai fuori le coperte.,Aprii le finestre.,effect,1,427,False
Al ragazzo doleva la schiena.,Il suo zaino era aperto.,Il suo zaino era pesante.,cause,1,428,False
Comprai un regalo a mia madre.,Le preparai una torta.,Era il suo compleanno.,cause,1,429,False
I narcisi nel giardino erano stati distrutti.,Un'ape aveva punto il giardiniere.,Degli scoiattoli avevano dissotterrato i bulbi.,cause,1,430,False
Strofinai il fiammifero.,La fiamma si estinse.,Il fiammifero produsse una fiamma.,effect,1,431,False
Le parti della controversia raggiunsero un'intesa.,Non volevano discutere in tribunale.,Volevano risanare i loro rapporti personali.,cause,0,432,False
I bambini furono mandati in orfanotrofio.,I loro genitori erano morti.,I loro genitori li avevano viziati.,cause,0,433,False
Il meteorite atterrò nell'oceano.,Si verificò uno tsunami.,Iniziò a grandinare.,effect,0,434,False
L'escursionista incontrò un serpente velenoso.,Si disidratò.,Andò in panico.,effect,1,435,False
Il forno diventò bollente.,Avevo accesso il forno.,Avevo messo il piatto in forno.,effect,0,436,False
Spremetti lo spicchio di limone.,Il limone ammuffì.,Il limone si spruzzò.,effect,1,437,False
La nazione scoprì un nuovo territorio.,La nazione abbandonò il territorio.,La nazione colonizzò il territorio.,effect,1,438,False
Il bicchiere si rovesciò dal tavolo.,Si frantumò su tutto il pavimento.,Atterrò su un mucchio di stracci.,effect,0,439,False
Il tavolo oscillava.,Il pavimento era irregolare.,Il pavimento era scivoloso.,cause,0,440,False
Il padre colse il figlio a mentire.,Suo figlio confessò la verità.,Il padre si fidò del figlio.,effect,0,441,False
La testa dell'uomo pulsava di dolore.,Prese lo sciroppo per la tosse.,Prese l'aspirina.,effect,1,442,False
Il treno rallentò.,Si avvicinava alla stazione.,Era in ritardo sulla tabella di marcia.,cause,0,443,False
L'uomo passò attraverso una terapia.,Aveva casi di malattie mentali in famiglia.,Gli era stata diagnosticata la depressione.,cause,1,444,False
La donna si afferrò la gola.,Aveva ingoiato del cibo.,Si era strozzata con il cibo.,cause,1,445,True
La donna aveva la gola infiammata.,La sua voce suonava rauca.,Parlava con un po' di accento.,effect,0,446,True
Il cane adocchiò la bistecca succulenta in tavola.,Sbavò.,Si sdraiò.,effect,0,447,False
Gli affari della donna avevano successo.,Licenziò i suoi impiegati.,Diventò ricca.,effect,1,448,False
Gli studenti uscirono dalla classe.,La campanella era suonata.,La maestra aveva dato i compiti.,cause,0,449,False
La donna sosteneva di aver visto un fantasma.,I suoi conoscenti espressero il loro scetticismo.,I suoi conoscenti le dimostrarono empatia.,effect,0,450,False
L'uomo perse il suo udito.,Era quasi affogato nell'oceano.,Era stato quasi ucciso da un'esplosione.,cause,1,451,False
Il bambino lasciò andare il filo del palloncino.,Il palloncino si sgonfiò.,Il palloncino si sollevò in aria.,effect,1,452,False
L'uomo perse l'abilità di parlare.,Aveva avuto un infarto.,Aveva fatto un respiro profondo.,cause,0,453,False
La donna inciampò sul marciapiede.,C'era una fessura nel cemento.,Sentì chiamare il proprio nome.,effect,0,454,False
L'uomo fece un tuffo a bomba in piscina.,Il bagnino si buttò dentro dopo di lui.,L'uomo infradiciò il bagnino.,effect,1,455,False
Presi degli antibiotici.,La mia infezione guarì.,La mia infezione si diffuse.,effect,0,456,False
Il semaforo diventò giallo.,L'autista spinse il pedale del freno.,L'autista suonò il clacson.,effect,0,457,False
Il contenitore di plastica si sciolse.,Immersi il contenitore nell'acqua fredda.,Misi il contenitore sui fornelli caldi.,cause,1,458,False
La macchina si era ammaccata.,Il guidatore aveva colpito un palo del telefono.,Il guidatore era passato col rosso.,cause,0,459,False
Il ragazzo studiò tutta la notte.,Saltò l'esame.,Passò l'esame.,effect,1,460,False
Il ragazzino si avvinghiò al bordo piscina.,Aveva paura di imparare a nuotare.,Il bagnino era in servizio.,cause,0,461,False
Misi la mano sul petto.,Sentii il battito del mio cuore.,La frequenza cardiaca accelerò.,effect,0,462,False
L'edificio adiacente al mio ufficio era in costruzione.,Il mio ufficio era affollato.,Il mio ufficio era rumoroso.,effect,1,463,False
La famiglia voleva conoscere i loro nuovi vicini.,La famiglia invitò i vicini a cena.,La famiglia salutò i vicini dal giardino.,effect,0,464,False
Dell'acqua schizzò fuori dalla piscina.,La nuotatrice si era tuffata in piscina.,La nuotatrice galleggiava in piscina.,cause,0,465,False
Mangiai una fetta di anguria.,Ingoiai un seme accidentalmente.,Mi scheggiai un dente accidentalmente.,effect,0,466,False
Il ragazzo inciampò.,La cerniera della sua giacca era aperta.,I lacci delle sue scarpe erano slegati.,cause,1,467,False
La donna indossò le cuffie.,Era distratta dal rumore.,Si era fatta i buchi alle orecchie.,cause,0,468,False
Riempii la mia bottiglia d'acqua.,Avevo bevuto tutta l'acqua.,L'avevo tenuta in frigorifero.,cause,0,469,False
Lo spettacolo televisivo fu censurato.,Conteneva del linguaggio volgare.,Aveva una trama complicata.,cause,0,470,False
La nave naufragò.,L'equipaggio annegò.,L'equipaggio incontrò dei pirati.,effect,0,471,False
Il ragazzo era perplesso circa l'indovinello.,Risolse l'indovinello.,Richiese un indizio.,effect,1,472,False
Il telefono squillò.,L'uomo riattaccò il telefono.,L'uomo rispose al telefono.,effect,1,473,False
La donna mi stava fissando.,La abbracciai.,Mi sentii a disagio.,effect,1,474,False
Il gruppo se ne andò dal museo.,Avevano scattato foto della mostra.,Avevano visto tutte le opere.,cause,1,475,False
L'uomo inizò a litigare con me.,Il mio amico mi presentò all'uomo.,Il mio amico mi difese.,effect,1,476,False
La gomma della mia bici era a terra.,Pompai aria nella gomma.,Cambiai marcia.,effect,0,477,False
La ragazza appariva pallida.,Suo padre le raccontò una storia.,Suo padre le sentì la fronte.,effect,1,478,False
La penna aveva finito l'inchiostro.,Usai una matita.,Firmai con il mio nome.,effect,0,479,False
All'uomo fu rifiutato un prestito.,Era indebitato.,Aveva avviato un'impresa.,cause,0,480,False
La ragazze restò a casa da scuola.,Aveva la varicella.,Si divertiva ad imparare la matematica.,cause,0,481,False
Il cestino dell'immondizia era pieno.,Lo buttai nel cassonetto.,Lo scaricai giù per il lavandino.,effect,0,482,False
Passai l'aspirapolvere sul tappeto.,Il mio compagno di camera aveva rovesciato un cocktail.,Il mio cane aveva perso dei peli.,cause,1,483,False
L'uomo andò su tutte le furie.,Spense il computer.,Lanciò una sedia attraverso la stanza.,effect,1,484,False
La ragazza lanciò un ramoscello nel falò.,Il ramoscello bruciò.,Il fuoco si estinse.,effect,0,485,False
L'uomo uscì dalla doccia.,Era finita l'acqua calda.,Non trovava un asciugamano.,cause,0,486,False
I genitori volevano che i loro figli andassero all'università.,Misero da parte un fondo di risparmi per la retta.,Incoraggiarono i figli a giocare all'aperto.,effect,0,487,False
L'uomo si slacciò le scarpe.,Le scarpe si allentarono.,Le scarpe si usurarono.,effect,0,488,False
L'uomo mangiò metà del primo.,Refrigerò gli avanzi.,Memorizzò la ricetta.,effect,0,489,False
La mia caviglia era gonfia.,Ci misi sopra del ghiaccio.,Ci strofinai sopra della lozione.,effect,0,490,False
La porta del mio ufficio era aperta.,Parlai al collega alla mia scrivania.,Sentii per caso la conversazione nella sala.,effect,1,491,False
Dovevo aspettare in fila.,Mi misi a sedere.,Sfogliai una rivista.,effect,1,492,False
L'uomo schiacciò la mosca.,La mosca ronzò via.,La mosca rimase immobile.,effect,0,493,True
L'uomo scrisse un testamento.,Stava morendo.,Era vedovo.,cause,0,494,False
Il corridore avvertì che il rivale lo stava raggiungendo.,Abbandonò la gara.,Accelerò il ritmo.,effect,1,495,False
Riflettei sul problema con cura.,Chiesi consiglio.,Intuii una soluzione.,effect,1,496,False
Il viaggiatore camminò sul ponte sospeso traballante.,Si sentiva terrorizzato.,Si sentiva estatico.,effect,0,497,False
L'uomo aveva previsto la vittoria della squadra.,Si incontrò con i suoi amici per guardare la partita.,Fece una scommessa con i suoi amici.,effect,1,498,False
Il ragazzo non riusciva ad addormentarsi.,Puntò la sveglia.,Contò le pecore.,effect,1,499,False
